/*
SQLyog Ultimate v12.5.1 (64 bit)
MySQL - 10.1.36-MariaDB : Database - covid
*********************************************************************
*/

/*!40101 SET NAMES utf8 */;

/*!40101 SET SQL_MODE=''*/;

/*!40014 SET @OLD_UNIQUE_CHECKS=@@UNIQUE_CHECKS, UNIQUE_CHECKS=0 */;
/*!40014 SET @OLD_FOREIGN_KEY_CHECKS=@@FOREIGN_KEY_CHECKS, FOREIGN_KEY_CHECKS=0 */;
/*!40101 SET @OLD_SQL_MODE=@@SQL_MODE, SQL_MODE='NO_AUTO_VALUE_ON_ZERO' */;
/*!40111 SET @OLD_SQL_NOTES=@@SQL_NOTES, SQL_NOTES=0 */;
CREATE DATABASE /*!32312 IF NOT EXISTS*/`covid` /*!40100 DEFAULT CHARACTER SET latin1 */;

USE `covid`;

/*Table structure for table `country` */

DROP TABLE IF EXISTS `country`;

CREATE TABLE `country` (
  `OBJECTID` int(11) NOT NULL,
  `Country_Region` varchar(255) DEFAULT NULL,
  PRIMARY KEY (`OBJECTID`)
) ENGINE=InnoDB DEFAULT CHARSET=latin1;

/*Data for the table `country` */

insert  into `country`(`OBJECTID`,`Country_Region`) values 
(1,'Australia'),
(2,'Austria'),
(3,'Canada'),
(4,'China'),
(5,'Denmark'),
(6,'Finland'),
(7,'France'),
(8,'Germany'),
(9,'Iceland'),
(10,'Ireland'),
(11,'Italy'),
(12,'Netherlands'),
(13,'Norway'),
(14,'Russia'),
(15,'Sweden'),
(16,'Switzerland'),
(17,'United Kingdom'),
(18,'US'),
(19,'Afghanistan'),
(20,'Albania'),
(21,'Algeria'),
(22,'Andorra'),
(23,'Angola'),
(24,'Antigua and Barbuda'),
(25,'Argentina'),
(26,'Armenia'),
(27,'Azerbaijan'),
(28,'Bahamas'),
(29,'Bahrain'),
(30,'Bangladesh'),
(31,'Barbados'),
(32,'Belarus'),
(33,'Belgium'),
(34,'Belize'),
(35,'Benin'),
(36,'Bhutan'),
(37,'Bolivia'),
(38,'Bosnia and Herzegovina'),
(39,'Botswana'),
(40,'Brazil'),
(41,'Brunei'),
(42,'Bulgaria'),
(43,'Burkina Faso'),
(44,'Burma'),
(45,'Burundi'),
(46,'Cabo Verde'),
(47,'Cambodia'),
(48,'Cameroon'),
(49,'Central African Republic'),
(50,'Chad'),
(51,'Chile'),
(52,'Colombia'),
(53,'Congo (Brazzaville)'),
(54,'Congo (Kinshasa)'),
(55,'Costa Rica'),
(56,'Cote d\'Ivoire'),
(57,'Croatia'),
(58,'Cuba'),
(59,'Cyprus'),
(60,'Czechia'),
(61,'Diamond Princess'),
(62,'Djibouti'),
(63,'Dominica'),
(64,'Dominican Republic'),
(65,'Ecuador'),
(66,'Egypt'),
(67,'El Salvador'),
(68,'Equatorial Guinea'),
(69,'Eritrea'),
(70,'Estonia'),
(71,'Eswatini'),
(72,'Ethiopia'),
(73,'Fiji'),
(74,'Gabon'),
(75,'Gambia'),
(76,'Georgia'),
(77,'Ghana'),
(78,'Greece'),
(79,'Grenada'),
(80,'Guatemala'),
(81,'Guinea'),
(82,'Guinea-Bissau'),
(83,'Guyana'),
(84,'Haiti'),
(85,'Holy See'),
(86,'Honduras'),
(87,'Hungary'),
(88,'India'),
(89,'Indonesia'),
(90,'Iran'),
(91,'Iraq'),
(92,'Israel'),
(93,'Jamaica'),
(94,'Japan'),
(95,'Jordan'),
(96,'Kazakhstan'),
(97,'Kenya'),
(98,'Korea, South'),
(99,'Kosovo'),
(100,'Kuwait'),
(101,'Kyrgyzstan'),
(102,'Laos'),
(103,'Latvia'),
(104,'Lebanon'),
(105,'Liberia'),
(106,'Libya'),
(107,'Liechtenstein'),
(108,'Lithuania'),
(109,'Luxembourg'),
(110,'MS Zaandam'),
(111,'Madagascar'),
(112,'Malawi'),
(113,'Malaysia'),
(114,'Maldives'),
(115,'Mali'),
(116,'Malta'),
(117,'Mauritania'),
(118,'Mauritius'),
(119,'Mexico'),
(120,'Moldova'),
(121,'Monaco'),
(122,'Mongolia'),
(123,'Montenegro'),
(124,'Morocco'),
(125,'Mozambique'),
(126,'Namibia'),
(127,'Nepal'),
(128,'New Zealand'),
(129,'Nicaragua'),
(130,'Niger'),
(131,'Nigeria'),
(132,'North Macedonia'),
(133,'Oman'),
(134,'Pakistan'),
(135,'Panama'),
(136,'Papua New Guinea'),
(137,'Paraguay'),
(138,'Peru'),
(139,'Philippines'),
(140,'Poland'),
(141,'Portugal'),
(142,'Qatar'),
(143,'Romania'),
(144,'Rwanda'),
(145,'Saint Kitts and Nevis'),
(146,'Saint Lucia'),
(147,'Saint Vincent and the Grenadines'),
(148,'San Marino'),
(149,'Sao Tome and Principe'),
(150,'Saudi Arabia'),
(151,'Senegal'),
(152,'Serbia'),
(153,'Seychelles'),
(154,'Sierra Leone'),
(155,'Singapore'),
(156,'Slovakia'),
(157,'Slovenia'),
(158,'Somalia'),
(159,'South Africa'),
(160,'South Sudan'),
(161,'Spain'),
(162,'Sri Lanka'),
(163,'Sudan'),
(164,'Suriname'),
(165,'Syria'),
(166,'Taiwan*'),
(167,'Tanzania'),
(168,'Thailand'),
(169,'Timor-Leste'),
(170,'Togo'),
(171,'Trinidad and Tobago'),
(172,'Tunisia'),
(173,'Turkey'),
(174,'Uganda'),
(175,'Ukraine'),
(176,'United Arab Emirates'),
(177,'Uruguay'),
(178,'Uzbekistan'),
(179,'Venezuela'),
(180,'Vietnam'),
(181,'West Bank and Gaza'),
(182,'Western Sahara'),
(183,'Yemen'),
(184,'Zambia'),
(185,'Zimbabwe');

/*Table structure for table `global_data` */

DROP TABLE IF EXISTS `global_data`;

CREATE TABLE `global_data` (
  `id` int(11) NOT NULL AUTO_INCREMENT,
  `Last_Update` varchar(255) DEFAULT NULL,
  `Lat` double DEFAULT NULL,
  `Long_` double DEFAULT NULL,
  `Confirmed` int(11) DEFAULT NULL,
  `Deaths` int(11) DEFAULT NULL,
  `Recovered` int(11) DEFAULT NULL,
  `Active` int(11) DEFAULT NULL,
  `created_at` timestamp NULL DEFAULT NULL,
  `OBJECTID` int(11) DEFAULT NULL,
  `updated_at` timestamp NULL DEFAULT NULL,
  PRIMARY KEY (`id`)
) ENGINE=InnoDB AUTO_INCREMENT=186 DEFAULT CHARSET=latin1;

/*Data for the table `global_data` */

insert  into `global_data`(`id`,`Last_Update`,`Lat`,`Long_`,`Confirmed`,`Deaths`,`Recovered`,`Active`,`created_at`,`OBJECTID`,`updated_at`) values 
(1,'1588141946000',40,-100,1012583,58355,58355,838292,'2020-04-29 14:13:55',18,'2020-04-29 14:13:55'),
(2,'1588141946000',40.463667,-3.74922,232128,23822,23822,84403,'2020-04-29 14:13:55',161,'2020-04-29 14:13:55'),
(3,'1588141946000',41.8719,12.5674,201505,27359,27359,105205,'2020-04-29 14:13:55',11,'2020-04-29 14:13:55'),
(4,'1588141946000',46.2276,2.2137,169053,23694,23694,97584,'2020-04-29 14:13:55',7,'2020-04-29 14:13:55'),
(5,'1588141946000',55,-3,162350,21745,21745,139792,'2020-04-29 14:13:55',17,'2020-04-29 14:13:55'),
(6,'1588141946000',51.1657,10.4515,159912,6314,6314,33198,'2020-04-29 14:13:55',8,'2020-04-29 14:13:55'),
(7,'1588141946000',38.9637,35.2433,114653,2992,2992,72852,'2020-04-29 14:13:55',173,'2020-04-29 14:13:55'),
(8,'1588141946000',61.524,105.3188,93558,867,867,84235,'2020-04-29 14:13:55',14,'2020-04-29 14:13:55'),
(9,'1588141946000',32.427908,53.688046,92584,5877,5877,14268,'2020-04-29 14:13:55',90,'2020-04-29 14:13:55'),
(10,'1588141946000',30.5928,114.3055,83940,4637,4637,868,'2020-04-29 14:13:55',4,'2020-04-29 14:13:55'),
(11,'1588141946000',-14.235,-51.9253,73235,5083,5083,35608,'2020-04-29 14:13:55',40,'2020-04-29 14:13:55'),
(12,'1588141946000',60.001,-95.001,51150,2983,2983,28936,'2020-04-29 14:13:55',3,'2020-04-29 14:13:55'),
(13,'1588141946000',50.8333,4.469936,47334,7331,7331,29060,'2020-04-29 14:13:55',33,'2020-04-29 14:13:55'),
(14,'1588141946000',52.3167,5.55,38612,4582,4582,33913,'2020-04-29 14:13:55',12,'2020-04-29 14:13:55'),
(15,'1588141946000',20.593684,78.96288,31332,1008,1008,22577,'2020-04-29 14:13:55',88,'2020-04-29 14:13:55'),
(16,'1588141946000',-9.19,-75.0152,31190,854,854,21157,'2020-04-29 14:13:55',138,'2020-04-29 14:13:55'),
(17,'1588141946000',46.8182,8.2275,29264,1699,1699,4965,'2020-04-29 14:13:55',16,'2020-04-29 14:13:55'),
(18,'1588141946000',39.3999,-8.2245,24322,948,948,21985,'2020-04-29 14:13:55',141,'2020-04-29 14:13:55'),
(19,'1588141946000',-1.8312,-78.1834,24258,871,871,21830,'2020-04-29 14:13:55',65,'2020-04-29 14:13:55'),
(20,'1588141946000',23.885942,45.079162,20077,152,152,17141,'2020-04-29 14:13:55',150,'2020-04-29 14:13:55'),
(21,'1588141946000',53.1424,-7.6921,19877,1159,1159,9485,'2020-04-29 14:13:55',10,'2020-04-29 14:13:55'),
(22,'1588141946000',60.1282,18.6435,19621,2355,2355,16261,'2020-04-29 14:13:55',15,'2020-04-29 14:13:55'),
(23,'1588141946000',23.6345,-102.5528,16752,1569,1569,3760,'2020-04-29 14:13:55',119,'2020-04-29 14:13:55'),
(24,'1588141946000',31.046051,34.851612,15728,210,210,7772,'2020-04-29 14:13:55',92,'2020-04-29 14:13:55'),
(25,'1588141946000',47.5162,14.5501,15357,569,569,2208,'2020-04-29 14:13:55',2,'2020-04-29 14:13:55'),
(26,'1588141946000',1.2833,103.8333,14951,14,14,13809,'2020-04-29 14:13:55',155,'2020-04-29 14:13:55'),
(27,'1588141946000',30.3753,69.3451,14885,327,327,11133,'2020-04-29 14:13:55',134,'2020-04-29 14:13:55'),
(28,'1588141946000',-35.6751,-71.543,14365,207,207,6448,'2020-04-29 14:13:55',51,'2020-04-29 14:13:55'),
(29,'1588141946000',36.204824,138.252924,13736,394,394,11443,'2020-04-29 14:13:55',94,'2020-04-29 14:13:55'),
(30,'1588141946000',51.9194,19.1451,12218,596,596,8967,'2020-04-29 14:13:55',140,'2020-04-29 14:13:55'),
(31,'1588141946000',53.7098,27.9534,12208,79,79,10136,'2020-04-29 14:13:55',32,'2020-04-29 14:13:55'),
(32,'1588141946000',25.3548,51.1839,11921,10,10,10777,'2020-04-29 14:13:55',142,'2020-04-29 14:13:55'),
(33,'1588141946000',45.9432,24.9668,11616,663,663,7549,'2020-04-29 14:13:55',143,'2020-04-29 14:13:55'),
(34,'1588141946000',23.424076,53.847818,11380,89,89,9110,'2020-04-29 14:13:55',176,'2020-04-29 14:13:55'),
(35,'1588141946000',35.907757,127.766922,10761,246,246,1593,'2020-04-29 14:13:55',98,'2020-04-29 14:13:55'),
(36,'1588141946000',48.3794,31.1656,9866,250,250,8513,'2020-04-29 14:13:55',175,'2020-04-29 14:13:55'),
(37,'1588141946000',-0.7893,113.9213,9511,773,773,7484,'2020-04-29 14:13:55',89,'2020-04-29 14:13:55'),
(38,'1588141946000',56,10,9049,434,434,2302,'2020-04-29 14:13:55',5,'2020-04-29 14:13:55'),
(39,'1588141946000',12.879721,121.774017,7958,530,530,6453,'2020-04-29 14:13:55',139,'2020-04-29 14:13:55'),
(40,'1588141946000',60.472,8.4689,7660,206,206,7422,'2020-04-29 14:13:55',13,'2020-04-29 14:13:55'),
(41,'1588141946000',49.8175,15.473,7504,227,227,4329,'2020-04-29 14:13:55',60,'2020-04-29 14:13:55'),
(42,'1588141946000',-25,133,6745,89,89,986,'2020-04-29 14:13:55',1,'2020-04-29 14:13:55'),
(43,'1588141946000',44.0165,21.0059,6630,125,125,5635,'2020-04-29 14:13:55',152,'2020-04-29 14:13:55'),
(44,'1588141946000',23.685,90.3563,6462,155,155,6168,'2020-04-29 14:13:55',30,'2020-04-29 14:13:55'),
(45,'1588141946000',18.7357,-70.1627,6416,286,286,4965,'2020-04-29 14:13:55',64,'2020-04-29 14:13:55'),
(46,'1588141946000',8.538,-80.7821,6200,176,176,5540,'2020-04-29 14:13:55',135,'2020-04-29 14:13:55'),
(47,'1588141946000',4.5709,-74.2973,5949,269,269,4412,'2020-04-29 14:13:55',52,'2020-04-29 14:13:55'),
(48,'1588141946000',4.210484,101.975766,5851,100,100,1719,'2020-04-29 14:13:55',113,'2020-04-29 14:13:55'),
(49,'1588141946000',26.820553,30.802498,5042,359,359,3379,'2020-04-29 14:13:55',66,'2020-04-29 14:13:55'),
(50,'1588141946000',-30.5595,22.9375,4996,93,93,2830,'2020-04-29 14:13:55',159,'2020-04-29 14:13:55'),
(51,'1588141946000',61.9241,25.7482,4740,199,199,1741,'2020-04-29 14:13:55',6,'2020-04-29 14:13:55'),
(52,'1588141946000',31.7917,-7.0926,4252,165,165,3309,'2020-04-29 14:13:55',124,'2020-04-29 14:13:55'),
(53,'1588141946000',-38.4161,-63.6167,4127,207,207,2758,'2020-04-29 14:13:55',25,'2020-04-29 14:13:55'),
(54,'1588141946000',49.8153,6.1296,3741,89,89,529,'2020-04-29 14:13:55',109,'2020-04-29 14:13:55'),
(55,'1588141946000',28.0339,1.6596,3649,437,437,1561,'2020-04-29 14:13:55',21,'2020-04-29 14:13:55'),
(56,'1588141946000',47.4116,28.3699,3638,103,103,2560,'2020-04-29 14:13:55',120,'2020-04-29 14:13:55'),
(57,'1588141946000',29.31166,47.481766,3440,23,23,2241,'2020-04-29 14:13:55',100,'2020-04-29 14:13:55'),
(58,'1588141946000',48.0196,66.9237,3027,25,25,2228,'2020-04-29 14:13:55',96,'2020-04-29 14:13:55'),
(59,'1588141946000',15.870032,100.992541,2947,54,54,228,'2020-04-29 14:13:55',168,'2020-04-29 14:13:55'),
(60,'1588141946000',26.0275,50.55,2811,8,8,1493,'2020-04-29 14:13:55',29,'2020-04-29 14:13:55'),
(61,'1588141946000',47.1625,19.5033,2727,300,300,1891,'2020-04-29 14:13:55',87,'2020-04-29 14:13:55'),
(62,'1588141946000',39.0742,21.8243,2566,138,138,1851,'2020-04-29 14:13:55',78,'2020-04-29 14:13:55'),
(63,'1588141946000',21.512583,55.923255,2131,10,10,1757,'2020-04-29 14:13:55',133,'2020-04-29 14:13:55'),
(64,'1588141946000',45.1,15.2,2047,63,63,752,'2020-04-29 14:13:55',57,'2020-04-29 14:13:55'),
(65,'1588141946000',41.377491,64.585262,1955,8,8,955,'2020-04-29 14:13:55',178,'2020-04-29 14:13:55'),
(66,'1588141946000',33.223191,43.679291,1928,90,90,519,'2020-04-29 14:13:55',91,'2020-04-29 14:13:55'),
(67,'1588141946000',40.0691,45.0382,1867,30,30,971,'2020-04-29 14:13:55',26,'2020-04-29 14:13:55'),
(68,'1588141946000',33.93911,67.709953,1828,58,58,1542,'2020-04-29 14:13:55',19,'2020-04-29 14:13:55'),
(69,'1588141946000',3.848,11.5021,1806,59,59,832,'2020-04-29 14:13:55',48,'2020-04-29 14:13:55'),
(70,'1588141946000',64.9631,-19.0208,1795,10,10,149,'2020-04-29 14:13:55',9,'2020-04-29 14:13:55'),
(71,'1588141946000',40.1431,47.5769,1717,22,22,474,'2020-04-29 14:13:55',27,'2020-04-29 14:13:55'),
(72,'1588141946000',7.9465,-1.0232,1671,16,16,1467,'2020-04-29 14:13:55',77,'2020-04-29 14:13:55'),
(73,'1588141946000',58.5953,25.0136,1660,50,50,1370,'2020-04-29 14:13:55',70,'2020-04-29 14:13:55'),
(74,'1588141946000',43.9159,17.6791,1585,63,63,840,'2020-04-29 14:13:55',38,'2020-04-29 14:13:55'),
(75,'1588141946000',9.082,8.6753,1532,44,44,1233,'2020-04-29 14:13:55',131,'2020-04-29 14:13:55'),
(76,'1588141946000',-40.9006,174.886,1474,19,19,226,'2020-04-29 14:13:55',128,'2020-04-29 14:13:55'),
(77,'1588141946000',42.7339,25.4858,1437,61,61,1133,'2020-04-29 14:13:55',42,'2020-04-29 14:13:55'),
(78,'1588141946000',21.521757,-77.781167,1437,58,58,804,'2020-04-29 14:13:55',58,'2020-04-29 14:13:55'),
(79,'1588141946000',41.6086,21.7453,1421,71,71,761,'2020-04-29 14:13:55',132,'2020-04-29 14:13:55'),
(80,'1588141946000',46.1512,14.9955,1408,86,86,1099,'2020-04-29 14:13:55',157,'2020-04-29 14:13:55'),
(81,'1588141946000',48.669,19.699,1384,20,20,941,'2020-04-29 14:13:55',156,'2020-04-29 14:13:55'),
(82,'1588141946000',55.1694,23.8813,1344,44,44,764,'2020-04-29 14:13:55',108,'2020-04-29 14:13:55'),
(83,'1588141946000',9.9456,-9.6966,1240,7,7,964,'2020-04-29 14:13:55',81,'2020-04-29 14:13:55'),
(84,'1588141946000',7.54,-5.5471,1183,14,14,644,'2020-04-29 14:13:55',56,'2020-04-29 14:13:55'),
(85,'1588141946000',11.8251,42.5903,1072,2,2,572,'2020-04-29 14:13:55',62,'2020-04-29 14:13:55'),
(86,'1588141946000',-16.2902,-63.5887,1053,55,55,888,'2020-04-29 14:13:55',37,'2020-04-29 14:13:55'),
(87,'1588141946000',33.886917,9.537499,975,40,40,656,'2020-04-29 14:13:55',172,'2020-04-29 14:13:55'),
(88,'1588141946000',35.1264,33.4299,837,15,15,674,'2020-04-29 14:13:55',59,'2020-04-29 14:13:55'),
(89,'1588141946000',56.8796,24.6032,836,13,13,556,'2020-04-29 14:13:55',103,'2020-04-29 14:13:55'),
(90,'1588141946000',14.4974,-14.4524,823,9,9,518,'2020-04-29 14:13:55',151,'2020-04-29 14:13:55'),
(91,'1588141946000',41.1533,20.1683,750,30,30,289,'2020-04-29 14:13:55',20,'2020-04-29 14:13:55'),
(92,'1588141946000',42.5063,1.5218,743,41,41,304,'2020-04-29 14:13:55',22,'2020-04-29 14:13:55'),
(93,'1588141946000',15.2,-86.2419,738,66,66,599,'2020-04-29 14:13:55',86,'2020-04-29 14:13:55'),
(94,'1588141946000',41.20438,74.766098,729,8,8,284,'2020-04-29 14:13:55',101,'2020-04-29 14:13:55'),
(95,'1588141946000',33.8547,35.8623,717,24,24,548,'2020-04-29 14:13:55',104,'2020-04-29 14:13:55'),
(96,'1588141946000',NULL,NULL,712,13,13,54,'2020-04-29 14:13:55',61,'2020-04-29 14:13:55'),
(97,'1588141946000',17.607789,8.081666,709,31,31,275,'2020-04-29 14:13:55',130,'2020-04-29 14:13:55'),
(98,'1588141946000',9.7489,-83.7534,705,6,6,393,'2020-04-29 14:13:55',55,'2020-04-29 14:13:55'),
(99,'1588141946000',12.2383,-1.5616,638,42,42,120,'2020-04-29 14:13:55',43,'2020-04-29 14:13:55'),
(100,'1588141946000',-32.5228,-55.7658,625,15,15,216,'2020-04-29 14:13:55',177,'2020-04-29 14:13:55'),
(101,'1588141946000',7.873054,80.771797,619,7,7,478,'2020-04-29 14:13:55',162,'2020-04-29 14:13:55'),
(102,'1588141946000',15.7835,-90.2308,557,16,16,479,'2020-04-29 14:13:55',80,'2020-04-29 14:13:55'),
(103,'1588141946000',43.9424,12.4578,553,41,41,448,'2020-04-29 14:13:55',148,'2020-04-29 14:13:55'),
(104,'1588141946000',5.152149,46.199616,528,28,28,481,'2020-04-29 14:13:55',158,'2020-04-29 14:13:55'),
(105,'1588141946000',42.3154,43.3569,517,6,6,343,'2020-04-29 14:13:55',76,'2020-04-29 14:13:55'),
(106,'1588141946000',42.602636,20.902977,510,12,12,405,'2020-04-29 14:13:55',99,'2020-04-29 14:13:55'),
(107,'1588141946000',-4.322447,15.307045,491,30,30,402,'2020-04-29 14:13:55',54,'2020-04-29 14:13:55'),
(108,'1588141946000',35.9375,14.3754,458,4,4,151,'2020-04-29 14:13:55',116,'2020-04-29 14:13:55'),
(109,'1588141946000',31.24,36.51,449,8,8,93,'2020-04-29 14:13:55',95,'2020-04-29 14:13:55'),
(110,'1588141946000',23.7,121,429,6,6,116,'2020-04-29 14:13:55',166,'2020-04-29 14:13:55'),
(111,'1588141946000',17.570692,-3.996166,424,24,24,278,'2020-04-29 14:13:55',115,'2020-04-29 14:13:55'),
(112,'1588141946000',18.1096,-77.2975,381,7,7,345,'2020-04-29 14:13:55',93,'2020-04-29 14:13:55'),
(113,'1588141946000',13.7942,-88.8965,377,9,9,262,'2020-04-29 14:13:55',67,'2020-04-29 14:13:55'),
(114,'1588141946000',-0.0236,37.9062,374,14,14,236,'2020-04-29 14:13:55',97,'2020-04-29 14:13:55'),
(115,'1588141946000',31.9522,35.2332,343,2,2,270,'2020-04-29 14:13:55',181,'2020-04-29 14:13:55'),
(116,'1588141946000',-20.348404,57.552152,334,10,10,21,'2020-04-29 14:13:55',118,'2020-04-29 14:13:55'),
(117,'1588141946000',6.4238,-66.5897,329,10,10,177,'2020-04-29 14:13:55',179,'2020-04-29 14:13:55'),
(118,'1588141946000',42.708678,19.37439,321,7,7,115,'2020-04-29 14:13:55',123,'2020-04-29 14:13:55'),
(119,'1588141946000',12.8628,30.2176,318,25,25,262,'2020-04-29 14:13:55',163,'2020-04-29 14:13:55'),
(120,'1588141946000',1.6508,10.2679,315,1,1,305,'2020-04-29 14:13:55',68,'2020-04-29 14:13:55'),
(121,'1588141946000',-6.369028,34.888822,299,10,10,241,'2020-04-29 14:13:55',167,'2020-04-29 14:13:55'),
(122,'1588141946000',14.058324,108.277199,270,0,0,48,'2020-04-29 14:13:55',180,'2020-04-29 14:13:55'),
(123,'1588141946000',3.2028,73.2207,250,0,0,233,'2020-04-29 14:13:55',114,'2020-04-29 14:13:55'),
(124,'1588141946000',-23.4425,-58.4438,239,9,9,128,'2020-04-29 14:13:55',137,'2020-04-29 14:13:55'),
(125,'1588141946000',-0.8037,11.6094,238,3,3,182,'2020-04-29 14:13:55',74,'2020-04-29 14:13:55'),
(126,'1588141946000',-1.9403,29.8739,212,0,0,117,'2020-04-29 14:13:55',144,'2020-04-29 14:13:55'),
(127,'1588141946000',-4.2634,15.2832,207,8,8,180,'2020-04-29 14:13:55',53,'2020-04-29 14:13:55'),
(128,'1588141946000',21.9162,95.956,150,5,5,129,'2020-04-29 14:13:55',44,'2020-04-29 14:13:55'),
(129,'1588141946000',6.428055,-9.429499,141,16,16,80,'2020-04-29 14:13:55',105,'2020-04-29 14:13:55'),
(130,'1588141946000',4.5353,114.7277,138,1,1,13,'2020-04-29 14:13:55',41,'2020-04-29 14:13:55'),
(131,'1588141946000',-18.766947,46.869107,128,0,0,46,'2020-04-29 14:13:55',111,'2020-04-29 14:13:55'),
(132,'1588141946000',9.145,40.4897,126,3,3,73,'2020-04-29 14:13:55',72,'2020-04-29 14:13:55'),
(133,'1588141946000',11.55,104.9167,122,0,0,3,'2020-04-29 14:13:55',47,'2020-04-29 14:13:55'),
(134,'1588141946000',10.6918,-61.2225,116,8,8,49,'2020-04-29 14:13:55',171,'2020-04-29 14:13:55'),
(135,'1588141946000',16.5388,-23.0418,114,1,1,111,'2020-04-29 14:13:55',46,'2020-04-29 14:13:55'),
(136,'1588141946000',8.460555,-11.779889,104,4,4,88,'2020-04-29 14:13:55',154,'2020-04-29 14:13:55'),
(137,'1588141946000',8.6195,0.8248,99,6,6,30,'2020-04-29 14:13:55',170,'2020-04-29 14:13:55'),
(138,'1588141946000',43.7333,7.4167,95,4,4,41,'2020-04-29 14:13:55',121,'2020-04-29 14:13:55'),
(139,'1588141946000',-13.133897,27.849332,95,3,3,50,'2020-04-29 14:13:55',184,'2020-04-29 14:13:55'),
(140,'1588141946000',47.14,9.55,82,1,1,26,'2020-04-29 14:13:55',107,'2020-04-29 14:13:55'),
(141,'1588141946000',25.025885,-78.035889,80,11,11,46,'2020-04-29 14:13:55',28,'2020-04-29 14:13:55'),
(142,'1588141946000',13.1939,-59.5432,80,6,6,35,'2020-04-29 14:13:55',31,'2020-04-29 14:13:55'),
(143,'1588141946000',1.373333,32.290275,79,0,0,27,'2020-04-29 14:13:55',174,'2020-04-29 14:13:55'),
(144,'1588141946000',18.9712,-72.2852,76,6,6,62,'2020-04-29 14:13:55',84,'2020-04-29 14:13:55'),
(145,'1588141946000',-18.665695,35.529562,76,0,0,64,'2020-04-29 14:13:55',125,'2020-04-29 14:13:55'),
(146,'1588141946000',4.860416,-58.93018,74,8,8,51,'2020-04-29 14:13:55',83,'2020-04-29 14:13:55'),
(147,'1588141946000',11.8037,-15.1804,73,1,1,54,'2020-04-29 14:13:55',82,'2020-04-29 14:13:55'),
(148,'1588141946000',-26.5225,31.4659,71,1,1,60,'2020-04-29 14:13:55',71,'2020-04-29 14:13:55'),
(149,'1588141946000',9.3077,2.3158,64,1,1,30,'2020-04-29 14:13:55',35,'2020-04-29 14:13:55'),
(150,'1588141946000',26.3351,17.228331,61,2,2,41,'2020-04-29 14:13:55',106,'2020-04-29 14:13:55'),
(151,'1588141946000',28.1667,84.25,54,0,0,38,'2020-04-29 14:13:55',127,'2020-04-29 14:13:55'),
(152,'1588141946000',15.4542,18.7322,52,2,2,31,'2020-04-29 14:13:55',50,'2020-04-29 14:13:55'),
(153,'1588141946000',6.6111,20.9394,50,0,0,40,'2020-04-29 14:13:55',49,'2020-04-29 14:13:55'),
(154,'1588141946000',34.802075,38.996815,43,3,3,19,'2020-04-29 14:13:55',165,'2020-04-29 14:13:55'),
(155,'1588141946000',15.1794,39.7823,39,0,0,20,'2020-04-29 14:13:55',69,'2020-04-29 14:13:55'),
(156,'1588141946000',46.8625,103.8467,38,0,0,28,'2020-04-29 14:13:55',122,'2020-04-29 14:13:55'),
(157,'1588141946000',-13.254308,34.301525,36,3,3,28,'2020-04-29 14:13:55',112,'2020-04-29 14:13:55'),
(158,'1588141946000',6.877,31.307,34,0,0,34,'2020-04-29 14:13:55',160,'2020-04-29 14:13:55'),
(159,'1588141946000',-19.015438,29.154857,32,4,4,23,'2020-04-29 14:13:55',185,'2020-04-29 14:13:55'),
(160,'1588141946000',-11.2027,17.8739,27,2,2,19,'2020-04-29 14:13:55',23,'2020-04-29 14:13:55'),
(161,'1588141946000',17.0608,-61.7964,24,3,3,10,'2020-04-29 14:13:55',24,'2020-04-29 14:13:55'),
(162,'1588141946000',-8.874217,125.727539,24,0,0,18,'2020-04-29 14:13:55',169,'2020-04-29 14:13:55'),
(163,'1588141946000',-22.3285,24.6849,23,1,1,22,'2020-04-29 14:13:55',39,'2020-04-29 14:13:55'),
(164,'1588141946000',12.1165,-61.679,19,0,0,9,'2020-04-29 14:13:55',79,'2020-04-29 14:13:55'),
(165,'1588141946000',19.85627,102.495496,19,0,0,12,'2020-04-29 14:13:55',102,'2020-04-29 14:13:55'),
(166,'1588141946000',17.1899,-88.4976,18,2,2,7,'2020-04-29 14:13:55',34,'2020-04-29 14:13:55'),
(167,'1588141946000',-17.7134,178.065,18,0,0,6,'2020-04-29 14:13:55',73,'2020-04-29 14:13:55'),
(168,'1588141946000',15.415,-61.371,16,0,0,3,'2020-04-29 14:13:55',63,'2020-04-29 14:13:55'),
(169,'1588141946000',-22.9576,18.4904,16,0,0,8,'2020-04-29 14:13:55',126,'2020-04-29 14:13:55'),
(170,'1588141946000',17.357822,-62.782998,15,0,0,11,'2020-04-29 14:13:55',145,'2020-04-29 14:13:55'),
(171,'1588141946000',13.9094,-60.9789,15,0,0,0,'2020-04-29 14:13:55',146,'2020-04-29 14:13:55'),
(172,'1588141946000',12.9843,-61.2872,15,0,0,7,'2020-04-29 14:13:55',147,'2020-04-29 14:13:55'),
(173,'1588141946000',12.865416,-85.207229,13,3,3,3,'2020-04-29 14:13:55',129,'2020-04-29 14:13:55'),
(174,'1588141946000',-3.3731,29.9189,11,1,1,6,'2020-04-29 14:13:55',45,'2020-04-29 14:13:55'),
(175,'1588141946000',-4.6796,55.492,11,0,0,5,'2020-04-29 14:13:55',153,'2020-04-29 14:13:55'),
(176,'1588141946000',13.4432,-15.3101,10,1,1,1,'2020-04-29 14:13:55',75,'2020-04-29 14:13:55'),
(177,'1588141946000',41.9029,12.4534,10,0,0,8,'2020-04-29 14:13:55',85,'2020-04-29 14:13:55'),
(178,'1588141946000',3.9193,-56.0278,10,1,1,2,'2020-04-29 14:13:55',164,'2020-04-29 14:13:55'),
(179,'1588141946000',NULL,NULL,9,2,2,7,'2020-04-29 14:13:55',110,'2020-04-29 14:13:55'),
(180,'1588141946000',-6.314993,143.95555,8,0,0,8,'2020-04-29 14:13:55',136,'2020-04-29 14:13:55'),
(181,'1588141946000',0.18636,6.613081,8,0,0,4,'2020-04-29 14:13:55',149,'2020-04-29 14:13:55'),
(182,'1588141946000',27.5142,90.4336,7,0,0,2,'2020-04-29 14:13:55',36,'2020-04-29 14:13:55'),
(183,'1588141946000',21.0079,-10.9408,7,1,1,0,'2020-04-29 14:13:55',117,'2020-04-29 14:13:55'),
(184,'1588141946000',24.2155,-12.8858,6,0,0,1,'2020-04-29 14:13:55',182,'2020-04-29 14:13:55'),
(185,'1588141946000',15.552727,48.516388,1,0,0,0,'2020-04-29 14:13:55',183,'2020-04-29 14:13:55');

/*Table structure for table `migrations` */

DROP TABLE IF EXISTS `migrations`;

CREATE TABLE `migrations` (
  `id` int(10) unsigned NOT NULL AUTO_INCREMENT,
  `migration` varchar(255) COLLATE utf8mb4_unicode_ci NOT NULL,
  `batch` int(11) NOT NULL,
  PRIMARY KEY (`id`)
) ENGINE=InnoDB DEFAULT CHARSET=utf8mb4 COLLATE=utf8mb4_unicode_ci;

/*Data for the table `migrations` */

/*Table structure for table `provinsi` */

DROP TABLE IF EXISTS `provinsi`;

CREATE TABLE `provinsi` (
  `FID` int(11) NOT NULL,
  `Kode_Provi` int(11) DEFAULT NULL,
  `Provinsi` varchar(255) DEFAULT NULL,
  PRIMARY KEY (`FID`)
) ENGINE=InnoDB DEFAULT CHARSET=latin1;

/*Data for the table `provinsi` */

insert  into `provinsi`(`FID`,`Kode_Provi`,`Provinsi`) values 
(1,11,'Aceh'),
(2,12,'Sumatera Utara'),
(3,13,'Sumatera Barat'),
(4,14,'Riau'),
(5,15,'Jambi'),
(6,16,'Sumatera Selatan'),
(7,17,'Bengkulu'),
(8,19,'Kepulauan Bangka Belitung'),
(9,18,'Lampung'),
(10,21,'Kepulauan Riau'),
(11,31,'DKI Jakarta'),
(12,32,'Jawa Barat'),
(13,33,'Jawa Tengah'),
(14,34,'Daerah Istimewa Yogyakarta'),
(15,35,'Jawa Timur'),
(16,36,'Banten'),
(17,51,'Bali'),
(18,52,'Nusa Tenggara Barat'),
(19,53,'Nusa Tenggara Timur'),
(20,61,'Kalimantan Barat'),
(21,62,'Kalimantan Tengah'),
(22,63,'Kalimantan Selatan'),
(23,64,'Kalimantan Timur'),
(24,65,'Kalimantan Utara'),
(25,71,'Sulawesi Utara'),
(26,72,'Sulawesi Tengah'),
(27,73,'Sulawesi Selatan'),
(28,74,'Sulawesi Tenggara'),
(29,75,'Gorontalo'),
(30,76,'Sulawesi Barat'),
(31,81,'Maluku'),
(32,82,'Maluku Utara'),
(33,94,'Papua'),
(34,91,'Papua Barat');

/*Table structure for table `provinsi_data` */

DROP TABLE IF EXISTS `provinsi_data`;

CREATE TABLE `provinsi_data` (
  `id` int(11) NOT NULL AUTO_INCREMENT,
  `FID` int(11) DEFAULT NULL,
  `Kasus_Posi` int(11) DEFAULT NULL,
  `Kasus_Semb` int(11) DEFAULT NULL,
  `Kasus_Meni` int(11) DEFAULT NULL,
  `created_at` timestamp NULL DEFAULT NULL,
  `updated_at` timestamp NULL DEFAULT NULL,
  PRIMARY KEY (`id`)
) ENGINE=InnoDB AUTO_INCREMENT=35 DEFAULT CHARSET=latin1;

/*Data for the table `provinsi_data` */

insert  into `provinsi_data`(`id`,`FID`,`Kasus_Posi`,`Kasus_Semb`,`Kasus_Meni`,`created_at`,`updated_at`) values 
(1,11,4002,363,370,'2020-04-29 13:57:45','2020-04-29 13:57:45'),
(2,12,969,103,79,'2020-04-29 13:57:45','2020-04-29 13:57:45'),
(3,15,857,144,90,'2020-04-29 13:57:45','2020-04-29 13:57:45'),
(4,13,682,89,58,'2020-04-29 13:57:45','2020-04-29 13:57:45'),
(5,27,453,108,37,'2020-04-29 13:57:45','2020-04-29 13:57:45'),
(6,16,388,33,41,'2020-04-29 13:57:45','2020-04-29 13:57:45'),
(7,18,221,24,4,'2020-04-29 13:57:45','2020-04-29 13:57:45'),
(8,17,215,88,4,'2020-04-29 13:57:45','2020-04-29 13:57:45'),
(9,33,177,47,6,'2020-04-29 13:57:45','2020-04-29 13:57:45'),
(10,22,150,16,6,'2020-04-29 13:57:45','2020-04-29 13:57:45'),
(11,3,144,24,14,'2020-04-29 13:57:45','2020-04-29 13:57:45'),
(12,6,143,22,3,'2020-04-29 13:57:45','2020-04-29 13:57:45'),
(13,21,121,11,6,'2020-04-29 13:57:45','2020-04-29 13:57:45'),
(14,23,115,12,1,'2020-04-29 13:57:45','2020-04-29 13:57:45'),
(15,2,111,35,12,'2020-04-29 13:57:45','2020-04-29 13:57:45'),
(16,14,93,39,7,'2020-04-29 13:57:45','2020-04-29 13:57:45'),
(17,24,92,2,1,'2020-04-29 13:57:45','2020-04-29 13:57:45'),
(18,10,89,11,8,'2020-04-29 13:57:45','2020-04-29 13:57:45'),
(19,20,51,7,3,'2020-04-29 13:57:45','2020-04-29 13:57:45'),
(20,28,45,6,2,'2020-04-29 13:57:45','2020-04-29 13:57:45'),
(21,9,44,10,5,'2020-04-29 13:57:45','2020-04-29 13:57:45'),
(22,25,43,11,3,'2020-04-29 13:57:45','2020-04-29 13:57:45'),
(23,26,42,8,3,'2020-04-29 13:57:45','2020-04-29 13:57:45'),
(24,4,40,15,4,'2020-04-29 13:57:45','2020-04-29 13:57:45'),
(25,30,37,2,1,'2020-04-29 13:57:45','2020-04-29 13:57:45'),
(26,34,37,0,1,'2020-04-29 13:57:45','2020-04-29 13:57:45'),
(27,5,32,1,0,'2020-04-29 13:57:45','2020-04-29 13:57:45'),
(28,32,26,3,0,'2020-04-29 13:57:45','2020-04-29 13:57:45'),
(29,31,22,12,0,'2020-04-29 13:57:45','2020-04-29 13:57:45'),
(30,29,15,0,1,'2020-04-29 13:57:45','2020-04-29 13:57:45'),
(31,8,10,2,1,'2020-04-29 13:57:45','2020-04-29 13:57:45'),
(32,1,9,4,1,'2020-04-29 13:57:45','2020-04-29 13:57:45'),
(33,7,8,1,1,'2020-04-29 13:57:45','2020-04-29 13:57:45'),
(34,19,1,1,0,'2020-04-29 13:57:45','2020-04-29 13:57:45');

/*Table structure for table `users` */

DROP TABLE IF EXISTS `users`;

CREATE TABLE `users` (
  `id` bigint(20) unsigned NOT NULL AUTO_INCREMENT,
  `name` varchar(255) COLLATE utf8mb4_unicode_ci NOT NULL,
  `email` varchar(255) COLLATE utf8mb4_unicode_ci NOT NULL,
  `email_verified_at` timestamp NULL DEFAULT NULL,
  `password` varchar(255) COLLATE utf8mb4_unicode_ci NOT NULL,
  `remember_token` varchar(100) COLLATE utf8mb4_unicode_ci DEFAULT NULL,
  `created_at` timestamp NULL DEFAULT NULL,
  `updated_at` timestamp NULL DEFAULT NULL,
  PRIMARY KEY (`id`)
) ENGINE=InnoDB AUTO_INCREMENT=2 DEFAULT CHARSET=utf8mb4 COLLATE=utf8mb4_unicode_ci;

/*Data for the table `users` */

insert  into `users`(`id`,`name`,`email`,`email_verified_at`,`password`,`remember_token`,`created_at`,`updated_at`) values 
(1,'try guna','trywiguna@gmail.com',NULL,'$2y$10$TKU02Tdyxj06qEJpZHiqkejQEvIQ1lGNOQ225398NEZGvDnx3Ih/u',NULL,'2020-04-28 11:07:48','2020-04-28 11:07:48');

/*!40101 SET SQL_MODE=@OLD_SQL_MODE */;
/*!40014 SET FOREIGN_KEY_CHECKS=@OLD_FOREIGN_KEY_CHECKS */;
/*!40014 SET UNIQUE_CHECKS=@OLD_UNIQUE_CHECKS */;
/*!40111 SET SQL_NOTES=@OLD_SQL_NOTES */;
